ts	phase	decision	why	evidence	result
2026-10-09T14:13:41Z	frame	Replace Astro static hosting with a Hono worker that reads D1. Drop search and OGP images. Leave the Go CLI untouched.	The stack was named up front, and the Go CLI still writes markdown, so SQL is the read model of those files rather than a second authoring path.	README.md cmd/blog/main.go	open
2026-10-09T14:45:16Z	shape	Keep Markdown as the source the Go CLI writes, and project it into SQLite for Hono to read.	The Go tool still requires src/content.config.ts and the posts directory, so a second authoring path would split the source of truth.	internal/content/site.go:22 decisions.tsv	kept
2026-10-09T14:45:16Z	shape	Show a post when draft is 0 and published_at is at or before the request time.	A Worker can compare the stored instant on each request, so a future post appears after its date without another deploy.	src/read.ts test/site.test.ts	tests green
2026-10-09T14:45:16Z	shape	Drop /search, Pagefind, and the PNG routes. Keep title and description Open Graph tags.	The request named search and OGP images, not the text tags.	test/site.test.ts	tests green
2026-10-09T14:45:16Z	schema	Pin sqlite3def 3.11.3 and strip BEGIN and COMMIT before sending DDL to D1.	Local D1 rejects BEGIN. sqlite3def wraps a fresh plan in BEGIN and COMMIT.	src/schema.ts	local D1 has the sample post
2026-10-09T14:45:16Z	verify	Curled the Node server on port 8787 and wrangler dev on port 8788.	Both served the sample post, category pages, feed, and CSS, and returned 404 for /search and /og/site.png.	tmux blog-dev blog-worker	200 and 404 as expected
2026-10-09T14:45:57Z	shape	Skipped a two-model design bakeoff.	Hono, Cloudflare, sqldef, and the unchanged Go CLI were already fixed, so another design pass would reopen a closed choice.	decisions.tsv	skipped
2026-10-09T14:45:57Z	verify	The done check passed. Go tests and blog check passed, Node tests passed, and both local servers served the sample.	The frame row left that predicate open.	test/site.test.ts	tests green
2026-10-09T14:45:57Z	verify	Did not click through a browser. The browser agent failed to start.	Its model was out of usage. The same routes were curled on the Worker.	test/site.test.ts	worker curl passed, browser not run
2026-10-09T14:48:05Z	shape	The Markdown decision stands. blog check refuses to run unless src/content.config.ts exists.	The earlier evidence cell also named this log, which does not prove the CLI contract.	internal/content/site.go:102	kept
2026-10-09T14:48:05Z	schema	The schema test requires a fresh sqlite3def plan to create posts and to omit BEGIN.	The earlier row reported a local D1 result without naming the test.	test/site.test.ts	tests green
2026-10-09T14:48:05Z	verify	Closed the frame row that still said open.	Go test, blog check, and the Node tests passed in this session. The open result on the first row is stale.	test/site.test.ts	tests green
2026-10-09T14:48:05Z	verify	Did not deploy to remote D1. The database id in wrangler.jsonc is still a placeholder.	This environment has no Cloudflare database to target.	wrangler.jsonc	open
